{"schemaVersion":"1.0","appDefinitionTemplate":{"id":"/providers/Microsoft.PowerApps/apps/","type":"Microsoft.PowerApps/apps","tags":{"primaryDeviceWidth":"1366","primaryDeviceHeight":"768","supportsPortrait":"true","supportsLandscape":"true","primaryFormFactor":"Tablet","showStatusBar":"false","publisherVersion":"3.25023.6","minimumRequiredApiVersion":"2.2.0","hasComponent":"false","hasUnlockedComponent":"false","isUnifiedRootApp":"false","sienaVersion":"20250309T134636Z-3.25023.6.0"},"properties":{"appVersion":"2025-03-09T13:46:36Z","lifeCycleId":"Published","createdByClientVersion":{"major":3,"minor":25023,"build":6,"revision":0,"majorRevision":0,"minorRevision":0},"minClientVersion":{"major":3,"minor":25023,"build":6,"revision":0,"majorRevision":0,"minorRevision":0},"backgroundColor":"RGBA(0,176,240,1)","backgroundImageUri":"/15310862957973761788/N0cc580d7-a157-4092-a0f0-ae164b66db4e-logoSmallFile","displayName":"Cadastro de Produtos","description":"","commitMessage":"","appUris":{"documentUri":{"value":"/15310862957973761788/N5b60ddee-963d-43bd-9d84-041b7a7ce366-document.msapp"},"imageUris":[],"additionalUris":[{"isSolutionAware":false,"value":"/15310862957973761788/Nc45c10e2-d47c-40b7-bd35-44e9ee72f7d8-identity.json"}]},"createdTime":"0001-01-01T00:00:00Z","lastModifiedTime":"0001-01-01T00:00:00Z","sharedGroupsCount":0,"sharedUsersCount":0,"connectionReferences":{"75493f7d-85ba-4190-8889-a76ab123e298":{"id":"f92d032a-9c5a-43ab-9d0f-0798ad242dfd","displayName":"SQL Server","runtimePolicyName":"08df6826-06de-4151-84b5-29653556be95","executionRestrictions":{"version":2,"modifiedOn":"2025-03-09 13:46:34","appVer":"3.25023.6","apiId":"/providers/microsoft.powerapps/apis/shared_sql","apiVer":2,"policy":"{\"tabularActions\":{\"[dbo].[cadproduto]\":[\"post\",\"patch\",\"get\"]},\"serviceActions\":[]}"},"iconUri":"https://conn-afd-prod-endpoint-bmc9bqahasf3grgk.b01.azurefd.net/u/kolhemugdha/sql_plex_0.1.22_version/1.0.1737.4123/sql/icon.png","dataSources":["CADPRODUTO"],"dependencies":[],"dependents":[],"parameterHints":{},"parameterHintsV2":{},"gatewayObjectIdHint":"f8a3a3db-8238-4de8-8826-66b2f328194d","isOnPremiseConnection":true,"sharedConnectionId":"2c028096-02fb-4ed5-bad4-fddc0ef37640","bypassConsent":false,"dataSets":{"SSCOBRHMLG,PROJETO":{"dataSources":{"CADPRODUTO":{"tableName":"[dbo].[CADPRODUTO]"}}}},"apiTier":"Premium","isCustomApiConnection":false,"authenticationType":"sqlAuthentication","actions":["providers/PowerPlatform.Governance/Operations/Read","providers/PowerPlatform.Governance/Operations/Write"],"endpoints":["SSCOBRHMLG,PROJETO"]}},"databaseReferences":{},"almMode":"Environment","performanceOptimizationEnabled":true,"canConsumeAppPass":false,"enableModernRuntimeMode":false,"executionRestrictions":{"isTeamsOnly":false,"dataLossPreventionEvaluationResult":{"status":"Compliant","lastEvaluationDate":"2025-03-07T19:01:30.8603107Z","violations":[],"violationsByPolicy":[],"violationErrorMessage":"O aplicativo usa os seguintes conectores: shared_sql."}}},"isAppComponentLibrary":false,"appType":"ClassicCanvasApp","appComponents":[]}}